Highest,Lowest,Mean,Stdev
131.95611012308882,-9.041881193495524,4.969633512531019,25.522774604219737
150.0537416259968,-9.033740426788079,27.268505132647597,41.89440974508413
194.9824722828394,-9.027954094858346,35.6409791844057,50.931133555519374
194.9824722828394,-9.036164533819361,42.07044524745304,54.51964492885177
226.5163362347984,-9.03930092342185,51.04586706891007,65.34306097029864
542.7717928525349,-9.031467672419588,48.752591132125424,91.86048906265492
