Highest,Lowest,Mean,Stdev
110.0,-10.0,-0.6,20.04179306818018
260.0,-10.0,14.4,41.461070996336616
