Highest,Lowest,Mean,Stdev
131.63937671712708,-9.040316571624146,1.1531999555281336,22.467745099958215
134.33856610798222,-9.050919387520304,15.596591493506176,29.71547769927335
134.33856610798222,-7.651800717729763,31.406433806037967,38.03486980799603
134.33856610798222,-9.027675438797155,38.09478648633924,41.07300771271852
143.79724002748756,-9.026557123031814,40.23593896608586,42.2555159169944
516.7485403254808,-9.039535188928157,57.791030553526326,90.23287136439512
