Highest,Lowest,Mean,Stdev
56.723012320272574,-9.046193069317578,0.710355136492946,16.62107903762318
119.81194944232581,-9.048410511183638,11.809900189138586,26.477974844340057
119.81194944232581,-9.043319932397551,15.649384442857688,29.254740534664823
133.79057965587285,-9.049721839260295,31.34845914276705,31.826074019248995
140.32179950682024,-9.047026961821983,30.304423052305435,36.21036455407466
534.60980298096,-9.02787454127512,44.03861210012257,93.43101543699272
