Highest,Lowest,Mean,Stdev
194.25574444829962,-9.058101274845608,5.414326407138852,40.219662506344086
194.25574444829962,-9.005187016907664,17.255199153295532,38.835249507451884
194.25574444829962,-9.006989636642542,30.853384714800203,55.14273217342989
195.90042013023776,-9.040619807448135,54.1746558194692,67.64492947955351
197.00288619881968,-9.011164136719472,57.559107113955776,64.45030634601905
289.7045445146637,-9.018789271525886,85.28214455043826,87.72233825050891
553.0524251566112,0.09446788656535693,99.48349164067338,132.94961554515223
