Highest,Lowest,Mean,Stdev
77.09335369014536,-9.026209214150276,5.008374750458221,16.898646315140795
146.3682391118727,-9.030771183969605,20.8527638549876,33.29057944125764
162.73559937360508,-9.000483091638506,31.975885883797837,43.702972392316326
162.73559937360508,-9.038891426419537,28.407678965589064,42.59918455950457
224.73777745849011,-9.029871354736683,36.88064181228242,49.63929781447704
226.94587011664646,-9.030578757139784,51.385456864539236,63.05464712745395
531.8923442056611,-9.029726575783688,49.63673673254675,86.72872604069894
