Highest,Lowest,Mean,Stdev
100.0,-10.0,-1.0,18.098370656171323
270.0,-10.0,16.0,44.58424724093496
