Highest,Lowest,Mean,Stdev
123.12932977714794,-9.045439126032932,6.442811809269332,28.391925030426098
379.98915356652185,-9.027981804046796,24.006959291344863,65.66675731331998
379.98915356652185,-9.027560332778338,51.04397873448961,69.64713497245965
525.5045047019112,-9.02682230676799,74.93904695397067,112.06412480390651
