Highest,Lowest,Mean,Stdev
436.44048720948786,-9.04045648544835,13.875608889689088,76.35110096353428
436.44048720948786,-8.99462833161457,23.377055014292605,62.70244835959249
542.5736092364816,-9.035614242875752,53.102932268553204,99.3505345346662
