Highest,Lowest,Mean,Stdev
132.8778914838014,-9.02651822687271,4.114936898825535,28.518306941161015
358.9096393767861,-9.039384939160053,26.70375159495984,59.737476620258946
358.9096393767861,-9.025801604363881,58.9812558529282,69.53944479722597
574.1214642563426,-9.02551303496079,58.78151586814515,108.4992410534266
