Highest,Lowest,Mean,Stdev
48.170897009102475,-9.038975655622412,0.5553707862867964,14.356020097751648
58.199371198597845,-9.018946164877425,23.87382513616346,21.4271952253406
126.35772880115633,-9.039245749480575,21.91032756661666,31.953765533849225
147.48063951527513,-9.04193390439188,43.02246095345532,48.788971305687035
165.03604886275093,-7.730722126239968,40.41937291238411,52.731267331981925
575.3875305808617,3.043008551069862,72.18652271871143,115.9468825068793
