Highest,Lowest,Mean,Stdev
73.33747774099704,-8.085277714438508,8.227157294903039,25.56045592949596
304.5291156467599,-8.089616490606723,27.931748467451815,63.95095949039187
304.5291156467599,-8.019509427336928,43.212959714520586,63.87764938932458
304.5291156467599,-7.941116948144371,59.62850266335696,62.43452760556947
308.5297444869274,-7.262695206496093,90.96785694936514,82.39214193776027
312.14445994235666,-6.004291647010111,122.35689132812908,109.88809243899179
700.8554769206786,8.37294141807308,159.51946578613894,169.84813487196735
700.8554769206786,8.900224225137567,185.95382008324222,193.4097828010074
884.0937522671887,0.0,187.95266401652069,224.00617844290178
