Highest,Lowest,Mean,Stdev
29.114251814579205,-9.039745145514448,-2.300650418334983,10.398068532801208
130.07262036214047,-9.045880812557979,13.707079407661423,29.80235066152605
147.90620486104552,-9.045880812557979,26.19926610211477,38.4783090414817
198.67490443393723,-9.026029033603438,33.92280940564383,47.124113894489874
211.71543668668397,-8.970219186651061,42.930135620526734,52.058507281306596
572.0167184303026,-8.971948644920213,111.1225862632296,156.00747008308403
