Highest,Lowest,Mean,Stdev
134.82920971490637,-9.047866040575647,0.8450987542487862,21.38556270165156
148.5924148020753,-9.026115170024086,14.64303164508363,30.54044961027618
209.75909480043418,-8.993748663796065,20.613836771354705,44.87875686505403
209.75909480043418,-9.026647766193362,31.82209611675494,45.16819753046712
209.75909480043418,-9.027235904050947,35.66490618709844,55.05546071797257
559.4610260134497,-9.016347514975342,57.12849142478184,93.442635424084
