Highest,Lowest,Mean,Stdev
30.797215686777214,-9.041348230842218,-1.27135126674785,10.986962278930283
57.51416064668294,-9.040576278972425,7.705442246590823,18.428302657732498
188.5675177816466,-9.022838302655634,28.448244643902637,37.36258577848204
188.5675177816466,-9.035095082142403,32.915844323397565,47.148833991683915
580.2276775701214,-9.070037688478262,52.89726260220754,116.49113094778647
