Highest,Lowest,Mean,Stdev
134.5398877099425,-9.025311318303206,17.717639321957567,39.03784088557833
167.46888027254244,-9.025747989263209,32.73063753858819,53.2237772361071
167.46888027254244,-7.638663804495508,47.89902406567248,44.74057532879048
208.9795865106047,-9.032958278354728,34.05097334970316,55.933951512580556
208.9795865106047,-8.211575379946224,47.26778672259125,59.969227241075735
208.9795865106047,-9.03832187884558,53.47257827753258,59.60677482075304
548.9463875576914,-9.02617019571957,83.68917562390364,127.7755464482001
