Highest,Lowest,Mean,Stdev
46.13639346151597,-9.042292057656834,4.266654247836161,17.300307292153043
132.23112708887632,-9.027057481207386,18.6894779223402,31.749605144846935
192.05330645657926,5.757127457440895,53.76149613202746,51.155533155752664
212.22043388747937,-8.959601571477643,96.36049731662432,64.35034543775724
222.6647666513393,-9.010413817577287,63.62283276892862,73.00691653555656
222.6647666513393,-8.237642045561806,56.18785344618143,67.98206082174937
222.6647666513393,-9.03467943537934,76.15925519736132,86.12999347067041
222.6647666513393,-9.008485000402384,92.11474495777578,78.99215781142043
524.2380354774637,-8.996408031510652,99.95779198460562,128.71856245377282
