Highest,Lowest,Mean,Stdev
87.12252318109041,-8.080947543329984,10.723051537661766,28.485850510791842
200.23259356314847,-8.077010441438734,35.337202025411756,49.691284465986655
200.23259356314847,-8.076907647029115,27.176641975579088,46.85798266490076
309.2516420937511,-7.931909685718398,78.82692342585548,89.15702524860198
309.2516420937511,-8.052248903118805,64.0681818295084,92.26503259325166
418.9616113612859,-8.089365531318295,96.62300650260482,136.80518450990883
853.41121508928,-7.943576355199584,140.84910277273295,212.88199173023705
